source_key,network_code,network_name,network_color,sku,product_name,slug,brand,category,deal_type,monthly_price,cash_price,upfront_cost,contract_months,data_mb,voice_minutes,sms_count,speed_mbps,start_at,expires_at,stock_status,source_document,administrator_notes,verified_at,terms_url,published,featured,image_url,description,use_context,specifications_json
mtn:202607ebu1159,mtn,MTN,#FFD100,202607EBU1159,Galaxy Z Fold8 Ultra (512GB),galaxy-z-fold8-ultra-512gb,Galaxy,smartphone,device_contract,1799,,,36,,,,,2026-08-07T00:00:00+00:00,2026-09-06T00:00:00+00:00,in_stock,C:\Users\CC KEMPTON\Downloads\FW___#Business_Promos___August_2026__&_Training_Date\August 2026 - EBU Trader Cheat Sheet.xlsx,Imported from MTN promo source 202607EBU1159; contracts only,2026-08-08T08:48:31+00:00,,true,false,,Made For Business M Monthly subscription: 1799,business,"{""deal_id"":""202607EBU1159"",""source"":""C:\\Users\\CC KEMPTON\\Downloads\\FW___#Business_Promos___August_2026__&_Training_Date\\August 2026 - EBU Trader Cheat Sheet.xlsx"",""price_plan"":""Made For Business M"",""freebies_device"":"""",""freebies_plan"":""""}"
mtn:202607ebu1071,mtn,MTN,#FFD100,202607EBU1071,Galaxy Z Fold8 (256GB),galaxy-z-fold8-256gb,Galaxy,smartphone,device_contract,1599,,,36,,,,,2026-08-07T00:00:00+00:00,2026-09-06T00:00:00+00:00,in_stock,C:\Users\CC KEMPTON\Downloads\FW___#Business_Promos___August_2026__&_Training_Date\August 2026 - EBU Trader Cheat Sheet.xlsx,Imported from MTN promo source 202607EBU1071; contracts only,2026-08-08T08:48:31+00:00,,true,false,,Made For Business M Monthly subscription: 1599,business,"{""deal_id"":""202607EBU1071"",""source"":""C:\\Users\\CC KEMPTON\\Downloads\\FW___#Business_Promos___August_2026__&_Training_Date\\August 2026 - EBU Trader Cheat Sheet.xlsx"",""price_plan"":""Made For Business M"",""freebies_device"":"""",""freebies_plan"":""""}"
mtn:2026ebu00008,mtn,MTN,#FFD100,2026EBU00008,Sim only,sim-only,Sim,sim_only,sim_only,1359,,,24,,,,,2026-08-07T00:00:00+00:00,2026-09-06T00:00:00+00:00,in_stock,C:\Users\CC KEMPTON\Downloads\FW___#Business_Promos___August_2026__&_Training_Date\August 2026 - EBU Trader Cheat Sheet.xlsx,Imported from MTN promo source 2026EBU00008; contracts only,2026-08-08T08:48:31+00:00,,true,false,,Made For Business XL Monthly subscription: 1359,business,"{""deal_id"":""2026EBU00008"",""source"":""C:\\Users\\CC KEMPTON\\Downloads\\FW___#Business_Promos___August_2026__&_Training_Date\\August 2026 - EBU Trader Cheat Sheet.xlsx"",""price_plan"":""Made For Business XL"",""freebies_device"":"""",""freebies_plan"":""""}"
mtn:2026ebu00007,mtn,MTN,#FFD100,2026EBU00007,Sim only,sim-only,Sim,sim_only,sim_only,879,,,24,,,,,2026-08-07T00:00:00+00:00,2026-09-06T00:00:00+00:00,in_stock,C:\Users\CC KEMPTON\Downloads\FW___#Business_Promos___August_2026__&_Training_Date\August 2026 - EBU Trader Cheat Sheet.xlsx,Imported from MTN promo source 2026EBU00007; contracts only,2026-08-08T08:48:31+00:00,,true,false,,Made For Business L+ Monthly subscription: 879,business,"{""deal_id"":""2026EBU00007"",""source"":""C:\\Users\\CC KEMPTON\\Downloads\\FW___#Business_Promos___August_2026__&_Training_Date\\August 2026 - EBU Trader Cheat Sheet.xlsx"",""price_plan"":""Made For Business L+"",""freebies_device"":"""",""freebies_plan"":""""}"
mtn:202607ebu1501,mtn,MTN,#FFD100,202607EBU1501,Sim only,sim-only,Sim,sim_only,sim_only,579,,,24,,,,,2026-08-07T00:00:00+00:00,2026-09-06T00:00:00+00:00,in_stock,C:\Users\CC KEMPTON\Downloads\FW___#Business_Promos___August_2026__&_Training_Date\August 2026 - EBU Trader Cheat Sheet.xlsx,Imported from MTN promo source 202607EBU1501; contracts only,2026-08-08T08:48:31+00:00,,true,false,,Made For Business L Monthly subscription: 579,business,"{""deal_id"":""202607EBU1501"",""source"":""C:\\Users\\CC KEMPTON\\Downloads\\FW___#Business_Promos___August_2026__&_Training_Date\\August 2026 - EBU Trader Cheat Sheet.xlsx"",""price_plan"":""Made For Business L"",""freebies_device"":"""",""freebies_plan"":""""}"
mtn:2026ebu00005,mtn,MTN,#FFD100,2026EBU00005,Sim only,sim-only,Sim,sim_only,sim_only,619,,,24,,,,,2026-08-07T00:00:00+00:00,2026-09-06T00:00:00+00:00,in_stock,C:\Users\CC KEMPTON\Downloads\FW___#Business_Promos___August_2026__&_Training_Date\August 2026 - EBU Trader Cheat Sheet.xlsx,Imported from MTN promo source 2026EBU00005; contracts only,2026-08-08T08:48:31+00:00,,true,false,,Made For Business ML Monthly subscription: 619,business,"{""deal_id"":""2026EBU00005"",""source"":""C:\\Users\\CC KEMPTON\\Downloads\\FW___#Business_Promos___August_2026__&_Training_Date\\August 2026 - EBU Trader Cheat Sheet.xlsx"",""price_plan"":""Made For Business ML"",""freebies_device"":"""",""freebies_plan"":""""}"
mtn:2026ebu00004,mtn,MTN,#FFD100,2026EBU00004,Sim only,sim-only,Sim,sim_only,sim_only,499,,,24,,,,,2026-08-07T00:00:00+00:00,2026-09-06T00:00:00+00:00,in_stock,C:\Users\CC KEMPTON\Downloads\FW___#Business_Promos___August_2026__&_Training_Date\August 2026 - EBU Trader Cheat Sheet.xlsx,Imported from MTN promo source 2026EBU00004; contracts only,2026-08-08T08:48:31+00:00,,true,false,,Made For Business M+ Monthly subscription: 499,business,"{""deal_id"":""2026EBU00004"",""source"":""C:\\Users\\CC KEMPTON\\Downloads\\FW___#Business_Promos___August_2026__&_Training_Date\\August 2026 - EBU Trader Cheat Sheet.xlsx"",""price_plan"":""Made For Business M+"",""freebies_device"":"""",""freebies_plan"":""""}"
mtn:202607ebu1500,mtn,MTN,#FFD100,202607EBU1500,Sim only,sim-only,Sim,sim_only,sim_only,379,,,24,,,,,2026-08-07T00:00:00+00:00,2026-09-06T00:00:00+00:00,in_stock,C:\Users\CC KEMPTON\Downloads\FW___#Business_Promos___August_2026__&_Training_Date\August 2026 - EBU Trader Cheat Sheet.xlsx,Imported from MTN promo source 202607EBU1500; contracts only,2026-08-08T08:48:31+00:00,,true,false,,Made For Business M Monthly subscription: 379,business,"{""deal_id"":""202607EBU1500"",""source"":""C:\\Users\\CC KEMPTON\\Downloads\\FW___#Business_Promos___August_2026__&_Training_Date\\August 2026 - EBU Trader Cheat Sheet.xlsx"",""price_plan"":""Made For Business M"",""freebies_device"":"""",""freebies_plan"":""""}"
mtn:2026ebu00002,mtn,MTN,#FFD100,2026EBU00002,Sim only,sim-only,Sim,sim_only,sim_only,379,,,24,,,,,2026-08-07T00:00:00+00:00,2026-09-06T00:00:00+00:00,in_stock,C:\Users\CC KEMPTON\Downloads\FW___#Business_Promos___August_2026__&_Training_Date\August 2026 - EBU Trader Cheat Sheet.xlsx,Imported from MTN promo source 2026EBU00002; contracts only,2026-08-08T08:48:31+00:00,,true,false,,Made For Business SM Monthly subscription: 379,business,"{""deal_id"":""2026EBU00002"",""source"":""C:\\Users\\CC KEMPTON\\Downloads\\FW___#Business_Promos___August_2026__&_Training_Date\\August 2026 - EBU Trader Cheat Sheet.xlsx"",""price_plan"":""Made For Business SM"",""freebies_device"":"""",""freebies_plan"":""""}"
mtn:2026ebu00001,mtn,MTN,#FFD100,2026EBU00001,Sim only,sim-only,Sim,sim_only,sim_only,235,,,24,,,,,2026-08-07T00:00:00+00:00,2026-09-06T00:00:00+00:00,in_stock,C:\Users\CC KEMPTON\Downloads\FW___#Business_Promos___August_2026__&_Training_Date\August 2026 - EBU Trader Cheat Sheet.xlsx,Imported from MTN promo source 2026EBU00001; contracts only,2026-08-08T08:48:31+00:00,,true,false,,Made For Business S+ Monthly subscription: 235,business,"{""deal_id"":""2026EBU00001"",""source"":""C:\\Users\\CC KEMPTON\\Downloads\\FW___#Business_Promos___August_2026__&_Training_Date\\August 2026 - EBU Trader Cheat Sheet.xlsx"",""price_plan"":""Made For Business S+"",""freebies_device"":"""",""freebies_plan"":""""}"
mtn:2026ebu00000,mtn,MTN,#FFD100,2026EBU00000,Sim only,sim-only,Sim,sim_only,sim_only,175,,,24,,,,,2026-08-07T00:00:00+00:00,2026-09-06T00:00:00+00:00,in_stock,C:\Users\CC KEMPTON\Downloads\FW___#Business_Promos___August_2026__&_Training_Date\August 2026 - EBU Trader Cheat Sheet.xlsx,Imported from MTN promo source 2026EBU00000; contracts only,2026-08-08T08:48:31+00:00,,true,false,,Made For Business S Monthly subscription: 175,business,"{""deal_id"":""2026EBU00000"",""source"":""C:\\Users\\CC KEMPTON\\Downloads\\FW___#Business_Promos___August_2026__&_Training_Date\\August 2026 - EBU Trader Cheat Sheet.xlsx"",""price_plan"":""Made For Business S"",""freebies_device"":"""",""freebies_plan"":""""}"
mtn:202603ebu1100,mtn,MTN,#FFD100,202603EBU1100,Sim Only,sim-only,Sim,sim_only,sim_only,229,,,24,,,,,2026-08-07T00:00:00+00:00,2026-09-06T00:00:00+00:00,in_stock,C:\Users\CC KEMPTON\Downloads\FW___#Business_Promos___August_2026__&_Training_Date\August 2026 - EBU Trader Cheat Sheet.xlsx,Imported from MTN promo source 202603EBU1100; contracts only,2026-08-08T08:48:31+00:00,,true,false,,Made For Business Data+ L (20GB) Monthly subscription: 229,business,"{""deal_id"":""202603EBU1100"",""source"":""C:\\Users\\CC KEMPTON\\Downloads\\FW___#Business_Promos___August_2026__&_Training_Date\\August 2026 - EBU Trader Cheat Sheet.xlsx"",""price_plan"":""Made For Business Data+ L (20GB)"",""freebies_device"":"""",""freebies_plan"":""""}"
mtn:2026ebu00325,mtn,MTN,#FFD100,2026EBU00325,iPhone 17 Pro Max (256GB),iphone-17-pro-max-256gb,iPhone,smartphone,device_contract,1379,,,36,,,,,2026-08-07T00:00:00+00:00,2026-09-06T00:00:00+00:00,in_stock,C:\Users\CC KEMPTON\Downloads\FW___#Business_Promos___August_2026__&_Training_Date\August 2026 - EBU Trader Cheat Sheet.xlsx,Imported from MTN promo source 2026EBU00325; contracts only,2026-08-08T08:48:31+00:00,,true,false,,Made For Business M+ Monthly subscription: 1379,business,"{""deal_id"":""2026EBU00325"",""source"":""C:\\Users\\CC KEMPTON\\Downloads\\FW___#Business_Promos___August_2026__&_Training_Date\\August 2026 - EBU Trader Cheat Sheet.xlsx"",""price_plan"":""Made For Business M+"",""freebies_device"":"""",""freebies_plan"":""""}"
mtn:2026ebu00324,mtn,MTN,#FFD100,2026EBU00324,iPhone 17 Pro (256GB),iphone-17-pro-256gb,iPhone,smartphone,device_contract,1279,,,36,,,,,2026-08-07T00:00:00+00:00,2026-09-06T00:00:00+00:00,in_stock,C:\Users\CC KEMPTON\Downloads\FW___#Business_Promos___August_2026__&_Training_Date\August 2026 - EBU Trader Cheat Sheet.xlsx,Imported from MTN promo source 2026EBU00324; contracts only,2026-08-08T08:48:31+00:00,,true,false,,Made For Business M+ Monthly subscription: 1279,business,"{""deal_id"":""2026EBU00324"",""source"":""C:\\Users\\CC KEMPTON\\Downloads\\FW___#Business_Promos___August_2026__&_Training_Date\\August 2026 - EBU Trader Cheat Sheet.xlsx"",""price_plan"":""Made For Business M+"",""freebies_device"":"""",""freebies_plan"":""""}"
mtn:2026ebu00323,mtn,MTN,#FFD100,2026EBU00323,iPhone 17 (256GB),iphone-17-256gb,iPhone,smartphone,device_contract,929,,,36,,,,,2026-08-07T00:00:00+00:00,2026-09-06T00:00:00+00:00,in_stock,C:\Users\CC KEMPTON\Downloads\FW___#Business_Promos___August_2026__&_Training_Date\August 2026 - EBU Trader Cheat Sheet.xlsx,Imported from MTN promo source 2026EBU00323; contracts only,2026-08-08T08:48:31+00:00,,true,false,,Made For Business SM Monthly subscription: 929,business,"{""deal_id"":""2026EBU00323"",""source"":""C:\\Users\\CC KEMPTON\\Downloads\\FW___#Business_Promos___August_2026__&_Training_Date\\August 2026 - EBU Trader Cheat Sheet.xlsx"",""price_plan"":""Made For Business SM"",""freebies_device"":"""",""freebies_plan"":""""}"
mtn:202604ebu1226,mtn,MTN,#FFD100,202604EBU1226,iPhone Air (256GB),iphone-air-256gb,iPhone,smartphone,device_contract,879,,,36,,,,,2026-08-07T00:00:00+00:00,2026-09-06T00:00:00+00:00,in_stock,C:\Users\CC KEMPTON\Downloads\FW___#Business_Promos___August_2026__&_Training_Date\August 2026 - EBU Trader Cheat Sheet.xlsx,Imported from MTN promo source 202604EBU1226; contracts only,2026-08-08T08:48:31+00:00,,true,false,,Made For Business SM Monthly subscription: 879,business,"{""deal_id"":""202604EBU1226"",""source"":""C:\\Users\\CC KEMPTON\\Downloads\\FW___#Business_Promos___August_2026__&_Training_Date\\August 2026 - EBU Trader Cheat Sheet.xlsx"",""price_plan"":""Made For Business SM"",""freebies_device"":"""",""freebies_plan"":""""}"
mtn:202607ebu1026,mtn,MTN,#FFD100,202607EBU1026,Galaxy Z Flip8 (256GB),galaxy-z-flip8-256gb,Galaxy,smartphone,device_contract,1029,,,36,,,,,2026-08-07T00:00:00+00:00,2026-09-06T00:00:00+00:00,in_stock,C:\Users\CC KEMPTON\Downloads\FW___#Business_Promos___August_2026__&_Training_Date\August 2026 - EBU Trader Cheat Sheet.xlsx,Imported from MTN promo source 202607EBU1026; contracts only,2026-08-08T08:48:31+00:00,,true,false,,Made For Business SM Monthly subscription: 1029,business,"{""deal_id"":""202607EBU1026"",""source"":""C:\\Users\\CC KEMPTON\\Downloads\\FW___#Business_Promos___August_2026__&_Training_Date\\August 2026 - EBU Trader Cheat Sheet.xlsx"",""price_plan"":""Made For Business SM"",""freebies_device"":"""",""freebies_plan"":""""}"
mtn:202607ebu1030,mtn,MTN,#FFD100,202607EBU1030,Galaxy Z Flip8 (256GB),galaxy-z-flip8-256gb,Galaxy,smartphone,device_contract,1249,,,36,,,,,2026-08-07T00:00:00+00:00,2026-09-06T00:00:00+00:00,in_stock,C:\Users\CC KEMPTON\Downloads\FW___#Business_Promos___August_2026__&_Training_Date\August 2026 - EBU Trader Cheat Sheet.xlsx,Imported from MTN promo source 202607EBU1030; contracts only,2026-08-08T08:48:31+00:00,,true,false,,Made For Business ML Monthly subscription: 1249,business,"{""deal_id"":""202607EBU1030"",""source"":""C:\\Users\\CC KEMPTON\\Downloads\\FW___#Business_Promos___August_2026__&_Training_Date\\August 2026 - EBU Trader Cheat Sheet.xlsx"",""price_plan"":""Made For Business ML"",""freebies_device"":"""",""freebies_plan"":""""}"
mtn:202601ebu1126,mtn,MTN,#FFD100,202601EBU1126,OPPO Reno 15 Pro,oppo-reno-15-pro,Oppo,smartphone,device_contract,929,,,36,,,,,2026-08-07T00:00:00+00:00,2026-09-06T00:00:00+00:00,in_stock,C:\Users\CC KEMPTON\Downloads\FW___#Business_Promos___August_2026__&_Training_Date\August 2026 - EBU Trader Cheat Sheet.xlsx,Imported from MTN promo source 202601EBU1126; contracts only,2026-08-08T08:48:31+00:00,,true,false,,Made For Business SM Monthly subscription: 929,business,"{""deal_id"":""202601EBU1126"",""source"":""C:\\Users\\CC KEMPTON\\Downloads\\FW___#Business_Promos___August_2026__&_Training_Date\\August 2026 - EBU Trader Cheat Sheet.xlsx"",""price_plan"":""Made For Business SM"",""freebies_device"":"""",""freebies_plan"":""""}"
mtn:202601ebu1130,mtn,MTN,#FFD100,202601EBU1130,OPPO Reno 15 Pro,oppo-reno-15-pro,Oppo,smartphone,device_contract,1149,,,36,,,,,2026-08-07T00:00:00+00:00,2026-09-06T00:00:00+00:00,in_stock,C:\Users\CC KEMPTON\Downloads\FW___#Business_Promos___August_2026__&_Training_Date\August 2026 - EBU Trader Cheat Sheet.xlsx,Imported from MTN promo source 202601EBU1130; contracts only,2026-08-08T08:48:31+00:00,,true,false,,Made For Business ML Monthly subscription: 1149,business,"{""deal_id"":""202601EBU1130"",""source"":""C:\\Users\\CC KEMPTON\\Downloads\\FW___#Business_Promos___August_2026__&_Training_Date\\August 2026 - EBU Trader Cheat Sheet.xlsx"",""price_plan"":""Made For Business ML"",""freebies_device"":"""",""freebies_plan"":""""}"
mtn:202601ebu1026,mtn,MTN,#FFD100,202601EBU1026,Honor X9d,honor-x9d,Honor,smartphone,device_contract,619,,,36,,,,,2026-08-07T00:00:00+00:00,2026-09-06T00:00:00+00:00,in_stock,C:\Users\CC KEMPTON\Downloads\FW___#Business_Promos___August_2026__&_Training_Date\August 2026 - EBU Trader Cheat Sheet.xlsx,Imported from MTN promo source 202601EBU1026; contracts only,2026-08-08T08:48:31+00:00,,true,false,,Made For Business SM Monthly subscription: 619,business,"{""deal_id"":""202601EBU1026"",""source"":""C:\\Users\\CC KEMPTON\\Downloads\\FW___#Business_Promos___August_2026__&_Training_Date\\August 2026 - EBU Trader Cheat Sheet.xlsx"",""price_plan"":""Made For Business SM"",""freebies_device"":"""",""freebies_plan"":""""}"
mtn:202601ebu1030,mtn,MTN,#FFD100,202601EBU1030,Honor X9d,honor-x9d,Honor,smartphone,device_contract,839,,,36,,,,,2026-08-07T00:00:00+00:00,2026-09-06T00:00:00+00:00,in_stock,C:\Users\CC KEMPTON\Downloads\FW___#Business_Promos___August_2026__&_Training_Date\August 2026 - EBU Trader Cheat Sheet.xlsx,Imported from MTN promo source 202601EBU1030; contracts only,2026-08-08T08:48:31+00:00,,true,false,,Made For Business ML Monthly subscription: 839,business,"{""deal_id"":""202601EBU1030"",""source"":""C:\\Users\\CC KEMPTON\\Downloads\\FW___#Business_Promos___August_2026__&_Training_Date\\August 2026 - EBU Trader Cheat Sheet.xlsx"",""price_plan"":""Made For Business ML"",""freebies_device"":"""",""freebies_plan"":""""}"
mtn:202601ebu1370,mtn,MTN,#FFD100,202601EBU1370,Vivo Y31 (5G),vivo-y31-5g,Vivo,router,device_contract,569,,,36,,,,,2026-08-07T00:00:00+00:00,2026-09-06T00:00:00+00:00,in_stock,C:\Users\CC KEMPTON\Downloads\FW___#Business_Promos___August_2026__&_Training_Date\August 2026 - EBU Trader Cheat Sheet.xlsx,Imported from MTN promo source 202601EBU1370; contracts only,2026-08-08T08:48:31+00:00,,true,false,,Made For Business SM Monthly subscription: 569,business,"{""deal_id"":""202601EBU1370"",""source"":""C:\\Users\\CC KEMPTON\\Downloads\\FW___#Business_Promos___August_2026__&_Training_Date\\August 2026 - EBU Trader Cheat Sheet.xlsx"",""price_plan"":""Made For Business SM"",""freebies_device"":"""",""freebies_plan"":""""}"
mtn:202601ebu1374,mtn,MTN,#FFD100,202601EBU1374,Vivo Y31 (5G),vivo-y31-5g,Vivo,router,device_contract,789,,,36,,,,,2026-08-07T00:00:00+00:00,2026-09-06T00:00:00+00:00,in_stock,C:\Users\CC KEMPTON\Downloads\FW___#Business_Promos___August_2026__&_Training_Date\August 2026 - EBU Trader Cheat Sheet.xlsx,Imported from MTN promo source 202601EBU1374; contracts only,2026-08-08T08:48:31+00:00,,true,false,,Made For Business ML Monthly subscription: 789,business,"{""deal_id"":""202601EBU1374"",""source"":""C:\\Users\\CC KEMPTON\\Downloads\\FW___#Business_Promos___August_2026__&_Training_Date\\August 2026 - EBU Trader Cheat Sheet.xlsx"",""price_plan"":""Made For Business ML"",""freebies_device"":"""",""freebies_plan"":""""}"
mtn:202603ebu1826,mtn,MTN,#FFD100,202603EBU1826,iPhone 17e (256GB),iphone-17e-256gb,iPhone,smartphone,device_contract,759,,,36,,,,,2026-08-07T00:00:00+00:00,2026-09-06T00:00:00+00:00,in_stock,C:\Users\CC KEMPTON\Downloads\FW___#Business_Promos___August_2026__&_Training_Date\August 2026 - EBU Trader Cheat Sheet.xlsx,Imported from MTN promo source 202603EBU1826; contracts only,2026-08-08T08:48:31+00:00,,true,false,,Made For Business SM Monthly subscription: 759,business,"{""deal_id"":""202603EBU1826"",""source"":""C:\\Users\\CC KEMPTON\\Downloads\\FW___#Business_Promos___August_2026__&_Training_Date\\August 2026 - EBU Trader Cheat Sheet.xlsx"",""price_plan"":""Made For Business SM"",""freebies_device"":"""",""freebies_plan"":""""}"
mtn:202603ebu1830,mtn,MTN,#FFD100,202603EBU1830,iPhone 17e (256GB),iphone-17e-256gb,iPhone,smartphone,device_contract,979,,,36,,,,,2026-08-07T00:00:00+00:00,2026-09-06T00:00:00+00:00,in_stock,C:\Users\CC KEMPTON\Downloads\FW___#Business_Promos___August_2026__&_Training_Date\August 2026 - EBU Trader Cheat Sheet.xlsx,Imported from MTN promo source 202603EBU1830; contracts only,2026-08-08T08:48:31+00:00,,true,false,,Made For Business ML Monthly subscription: 979,business,"{""deal_id"":""202603EBU1830"",""source"":""C:\\Users\\CC KEMPTON\\Downloads\\FW___#Business_Promos___August_2026__&_Training_Date\\August 2026 - EBU Trader Cheat Sheet.xlsx"",""price_plan"":""Made For Business ML"",""freebies_device"":"""",""freebies_plan"":""""}"
mtn:202603ebu1226,mtn,MTN,#FFD100,202603EBU1226,Vivo V70 FE,vivo-v70-fe,Vivo,smartphone,device_contract,739,,,36,,,,,2026-08-07T00:00:00+00:00,2026-09-06T00:00:00+00:00,in_stock,C:\Users\CC KEMPTON\Downloads\FW___#Business_Promos___August_2026__&_Training_Date\August 2026 - EBU Trader Cheat Sheet.xlsx,Imported from MTN promo source 202603EBU1226; contracts only,2026-08-08T08:48:31+00:00,,true,false,,Made For Business SM Monthly subscription: 739,business,"{""deal_id"":""202603EBU1226"",""source"":""C:\\Users\\CC KEMPTON\\Downloads\\FW___#Business_Promos___August_2026__&_Training_Date\\August 2026 - EBU Trader Cheat Sheet.xlsx"",""price_plan"":""Made For Business SM"",""freebies_device"":"""",""freebies_plan"":""""}"
mtn:202603ebu1230,mtn,MTN,#FFD100,202603EBU1230,Vivo V70 FE,vivo-v70-fe,Vivo,smartphone,device_contract,959,,,36,,,,,2026-08-07T00:00:00+00:00,2026-09-06T00:00:00+00:00,in_stock,C:\Users\CC KEMPTON\Downloads\FW___#Business_Promos___August_2026__&_Training_Date\August 2026 - EBU Trader Cheat Sheet.xlsx,Imported from MTN promo source 202603EBU1230; contracts only,2026-08-08T08:48:31+00:00,,true,false,,Made For Business ML Monthly subscription: 959,business,"{""deal_id"":""202603EBU1230"",""source"":""C:\\Users\\CC KEMPTON\\Downloads\\FW___#Business_Promos___August_2026__&_Training_Date\\August 2026 - EBU Trader Cheat Sheet.xlsx"",""price_plan"":""Made For Business ML"",""freebies_device"":"""",""freebies_plan"":""""}"
mtn:202604ebu1426,mtn,MTN,#FFD100,202604EBU1426,Honor 600 5G,honor-600-5g,Honor,router,device_contract,699,,,36,,,,,2026-08-07T00:00:00+00:00,2026-09-06T00:00:00+00:00,in_stock,C:\Users\CC KEMPTON\Downloads\FW___#Business_Promos___August_2026__&_Training_Date\August 2026 - EBU Trader Cheat Sheet.xlsx,Imported from MTN promo source 202604EBU1426; contracts only,2026-08-08T08:48:31+00:00,,true,false,,Made For Business SM Monthly subscription: 699,business,"{""deal_id"":""202604EBU1426"",""source"":""C:\\Users\\CC KEMPTON\\Downloads\\FW___#Business_Promos___August_2026__&_Training_Date\\August 2026 - EBU Trader Cheat Sheet.xlsx"",""price_plan"":""Made For Business SM"",""freebies_device"":"""",""freebies_plan"":""""}"
mtn:202604ebu1430,mtn,MTN,#FFD100,202604EBU1430,Honor 600 5G,honor-600-5g,Honor,router,device_contract,919,,,36,,,,,2026-08-07T00:00:00+00:00,2026-09-06T00:00:00+00:00,in_stock,C:\Users\CC KEMPTON\Downloads\FW___#Business_Promos___August_2026__&_Training_Date\August 2026 - EBU Trader Cheat Sheet.xlsx,Imported from MTN promo source 202604EBU1430; contracts only,2026-08-08T08:48:31+00:00,,true,false,,Made For Business ML Monthly subscription: 919,business,"{""deal_id"":""202604EBU1430"",""source"":""C:\\Users\\CC KEMPTON\\Downloads\\FW___#Business_Promos___August_2026__&_Training_Date\\August 2026 - EBU Trader Cheat Sheet.xlsx"",""price_plan"":""Made For Business ML"",""freebies_device"":"""",""freebies_plan"":""""}"
mtn:202603ebu1070,mtn,MTN,#FFD100,202603EBU1070,Samsung Galaxy A57,samsung-galaxy-a57,Samsung,smartphone,device_contract,649,,,36,,,,,2026-08-07T00:00:00+00:00,2026-09-06T00:00:00+00:00,in_stock,C:\Users\CC KEMPTON\Downloads\FW___#Business_Promos___August_2026__&_Training_Date\August 2026 - EBU Trader Cheat Sheet.xlsx,Imported from MTN promo source 202603EBU1070; contracts only,2026-08-08T08:48:31+00:00,,true,false,,Made For Business SM Monthly subscription: 649,business,"{""deal_id"":""202603EBU1070"",""source"":""C:\\Users\\CC KEMPTON\\Downloads\\FW___#Business_Promos___August_2026__&_Training_Date\\August 2026 - EBU Trader Cheat Sheet.xlsx"",""price_plan"":""Made For Business SM"",""freebies_device"":"""",""freebies_plan"":""""}"
mtn:202603ebu1074,mtn,MTN,#FFD100,202603EBU1074,Samsung Galaxy A57,samsung-galaxy-a57,Samsung,smartphone,device_contract,869,,,36,,,,,2026-08-07T00:00:00+00:00,2026-09-06T00:00:00+00:00,in_stock,C:\Users\CC KEMPTON\Downloads\FW___#Business_Promos___August_2026__&_Training_Date\August 2026 - EBU Trader Cheat Sheet.xlsx,Imported from MTN promo source 202603EBU1074; contracts only,2026-08-08T08:48:31+00:00,,true,false,,Made For Business ML Monthly subscription: 869,business,"{""deal_id"":""202603EBU1074"",""source"":""C:\\Users\\CC KEMPTON\\Downloads\\FW___#Business_Promos___August_2026__&_Training_Date\\August 2026 - EBU Trader Cheat Sheet.xlsx"",""price_plan"":""Made For Business ML"",""freebies_device"":"""",""freebies_plan"":""""}"
mtn:202603ebu1626,mtn,MTN,#FFD100,202603EBU1626,Honor 600 Lite,honor-600-lite,Honor,smartphone,device_contract,569,,,36,,,,,2026-08-07T00:00:00+00:00,2026-09-06T00:00:00+00:00,in_stock,C:\Users\CC KEMPTON\Downloads\FW___#Business_Promos___August_2026__&_Training_Date\August 2026 - EBU Trader Cheat Sheet.xlsx,Imported from MTN promo source 202603EBU1626; contracts only,2026-08-08T08:48:31+00:00,,true,false,,Made For Business SM Monthly subscription: 569,business,"{""deal_id"":""202603EBU1626"",""source"":""C:\\Users\\CC KEMPTON\\Downloads\\FW___#Business_Promos___August_2026__&_Training_Date\\August 2026 - EBU Trader Cheat Sheet.xlsx"",""price_plan"":""Made For Business SM"",""freebies_device"":"""",""freebies_plan"":""""}"
mtn:202603ebu1630,mtn,MTN,#FFD100,202603EBU1630,Honor 600 Lite,honor-600-lite,Honor,smartphone,device_contract,789,,,36,,,,,2026-08-07T00:00:00+00:00,2026-09-06T00:00:00+00:00,in_stock,C:\Users\CC KEMPTON\Downloads\FW___#Business_Promos___August_2026__&_Training_Date\August 2026 - EBU Trader Cheat Sheet.xlsx,Imported from MTN promo source 202603EBU1630; contracts only,2026-08-08T08:48:31+00:00,,true,false,,Made For Business ML Monthly subscription: 789,business,"{""deal_id"":""202603EBU1630"",""source"":""C:\\Users\\CC KEMPTON\\Downloads\\FW___#Business_Promos___August_2026__&_Training_Date\\August 2026 - EBU Trader Cheat Sheet.xlsx"",""price_plan"":""Made For Business ML"",""freebies_device"":"""",""freebies_plan"":""""}"
mtn:202607ebu1726,mtn,MTN,#FFD100,202607EBU1726,Samsung Galaxy A37,samsung-galaxy-a37,Samsung,smartphone,device_contract,549,,,36,,,,,2026-08-07T00:00:00+00:00,2026-09-06T00:00:00+00:00,in_stock,C:\Users\CC KEMPTON\Downloads\FW___#Business_Promos___August_2026__&_Training_Date\August 2026 - EBU Trader Cheat Sheet.xlsx,Imported from MTN promo source 202607EBU1726; contracts only,2026-08-08T08:48:31+00:00,,true,false,,Made For Business SM Monthly subscription: 549,business,"{""deal_id"":""202607EBU1726"",""source"":""C:\\Users\\CC KEMPTON\\Downloads\\FW___#Business_Promos___August_2026__&_Training_Date\\August 2026 - EBU Trader Cheat Sheet.xlsx"",""price_plan"":""Made For Business SM"",""freebies_device"":"""",""freebies_plan"":""""}"
mtn:202607ebu1730,mtn,MTN,#FFD100,202607EBU1730,Samsung Galaxy A37,samsung-galaxy-a37,Samsung,smartphone,device_contract,769,,,36,,,,,2026-08-07T00:00:00+00:00,2026-09-06T00:00:00+00:00,in_stock,C:\Users\CC KEMPTON\Downloads\FW___#Business_Promos___August_2026__&_Training_Date\August 2026 - EBU Trader Cheat Sheet.xlsx,Imported from MTN promo source 202607EBU1730; contracts only,2026-08-08T08:48:31+00:00,,true,false,,Made For Business ML Monthly subscription: 769,business,"{""deal_id"":""202607EBU1730"",""source"":""C:\\Users\\CC KEMPTON\\Downloads\\FW___#Business_Promos___August_2026__&_Training_Date\\August 2026 - EBU Trader Cheat Sheet.xlsx"",""price_plan"":""Made For Business ML"",""freebies_device"":"""",""freebies_plan"":""""}"
mtn:202606ebu1426,mtn,MTN,#FFD100,202606EBU1426,Huawei nova 14,huawei-nova-14,Huawei,smartphone,device_contract,529,,,36,,,,,2026-08-07T00:00:00+00:00,2026-09-06T00:00:00+00:00,in_stock,C:\Users\CC KEMPTON\Downloads\FW___#Business_Promos___August_2026__&_Training_Date\August 2026 - EBU Trader Cheat Sheet.xlsx,Imported from MTN promo source 202606EBU1426; contracts only,2026-08-08T08:48:31+00:00,,true,false,,Made For Business SM Monthly subscription: 529,business,"{""deal_id"":""202606EBU1426"",""source"":""C:\\Users\\CC KEMPTON\\Downloads\\FW___#Business_Promos___August_2026__&_Training_Date\\August 2026 - EBU Trader Cheat Sheet.xlsx"",""price_plan"":""Made For Business SM"",""freebies_device"":"""",""freebies_plan"":""""}"
mtn:202606ebu1430,mtn,MTN,#FFD100,202606EBU1430,Huawei nova 14,huawei-nova-14,Huawei,smartphone,device_contract,749,,,36,,,,,2026-08-07T00:00:00+00:00,2026-09-06T00:00:00+00:00,in_stock,C:\Users\CC KEMPTON\Downloads\FW___#Business_Promos___August_2026__&_Training_Date\August 2026 - EBU Trader Cheat Sheet.xlsx,Imported from MTN promo source 202606EBU1430; contracts only,2026-08-08T08:48:31+00:00,,true,false,,Made For Business ML Monthly subscription: 749,business,"{""deal_id"":""202606EBU1430"",""source"":""C:\\Users\\CC KEMPTON\\Downloads\\FW___#Business_Promos___August_2026__&_Training_Date\\August 2026 - EBU Trader Cheat Sheet.xlsx"",""price_plan"":""Made For Business ML"",""freebies_device"":"""",""freebies_plan"":""""}"
mtn:202603ebu2226,mtn,MTN,#FFD100,202603EBU2226,Huawei nova 14i,huawei-nova-14i,Huawei,smartphone,device_contract,469,,,36,,,,,2026-08-07T00:00:00+00:00,2026-09-06T00:00:00+00:00,in_stock,C:\Users\CC KEMPTON\Downloads\FW___#Business_Promos___August_2026__&_Training_Date\August 2026 - EBU Trader Cheat Sheet.xlsx,Imported from MTN promo source 202603EBU2226; contracts only,2026-08-08T08:48:31+00:00,,true,false,,Made For Business SM Monthly subscription: 469,business,"{""deal_id"":""202603EBU2226"",""source"":""C:\\Users\\CC KEMPTON\\Downloads\\FW___#Business_Promos___August_2026__&_Training_Date\\August 2026 - EBU Trader Cheat Sheet.xlsx"",""price_plan"":""Made For Business SM"",""freebies_device"":"""",""freebies_plan"":""""}"
mtn:202603ebu2230,mtn,MTN,#FFD100,202603EBU2230,Huawei nova 14i,huawei-nova-14i,Huawei,smartphone,device_contract,689,,,36,,,,,2026-08-07T00:00:00+00:00,2026-09-06T00:00:00+00:00,in_stock,C:\Users\CC KEMPTON\Downloads\FW___#Business_Promos___August_2026__&_Training_Date\August 2026 - EBU Trader Cheat Sheet.xlsx,Imported from MTN promo source 202603EBU2230; contracts only,2026-08-08T08:48:31+00:00,,true,false,,Made For Business ML Monthly subscription: 689,business,"{""deal_id"":""202603EBU2230"",""source"":""C:\\Users\\CC KEMPTON\\Downloads\\FW___#Business_Promos___August_2026__&_Training_Date\\August 2026 - EBU Trader Cheat Sheet.xlsx"",""price_plan"":""Made For Business ML"",""freebies_device"":"""",""freebies_plan"":""""}"
mtn:202602ebu2224,mtn,MTN,#FFD100,202602EBU2224,vivo V60 Lite + vivo V60 Lite,vivo-v60-lite-vivo-v60-lite,vivo,smartphone,device_contract,955,,,36,,,,,2026-08-07T00:00:00+00:00,2026-09-06T00:00:00+00:00,in_stock,C:\Users\CC KEMPTON\Downloads\FW___#Business_Promos___August_2026__&_Training_Date\August 2026 - EBU Trader Cheat Sheet.xlsx,Imported from MTN promo source 202602EBU2224; contracts only,2026-08-08T08:48:31+00:00,,true,false,,Made For Business S+ Monthly subscription: 955,business,"{""deal_id"":""202602EBU2224"",""source"":""C:\\Users\\CC KEMPTON\\Downloads\\FW___#Business_Promos___August_2026__&_Training_Date\\August 2026 - EBU Trader Cheat Sheet.xlsx"",""price_plan"":""Made For Business S+"",""freebies_device"":"""",""freebies_plan"":""""}"
mtn:202604ebu1524,mtn,MTN,#FFD100,202604EBU1524,Honor 600 Lite + Honor 600 Lite,honor-600-lite-honor-600-lite,Honor,smartphone,device_contract,805,,,36,,,,,2026-08-07T00:00:00+00:00,2026-09-06T00:00:00+00:00,in_stock,C:\Users\CC KEMPTON\Downloads\FW___#Business_Promos___August_2026__&_Training_Date\August 2026 - EBU Trader Cheat Sheet.xlsx,Imported from MTN promo source 202604EBU1524; contracts only,2026-08-08T08:48:31+00:00,,true,false,,Made For Business S+ Monthly subscription: 805,business,"{""deal_id"":""202604EBU1524"",""source"":""C:\\Users\\CC KEMPTON\\Downloads\\FW___#Business_Promos___August_2026__&_Training_Date\\August 2026 - EBU Trader Cheat Sheet.xlsx"",""price_plan"":""Made For Business S+"",""freebies_device"":"""",""freebies_plan"":""""}"
mtn:202605ebu1624,mtn,MTN,#FFD100,202605EBU1624,Samsung Galaxy A37 + Samsung Galaxy A37,samsung-galaxy-a37-samsung-galaxy-a37,Samsung,smartphone,device_contract,755,,,36,,,,,2026-08-07T00:00:00+00:00,2026-09-06T00:00:00+00:00,in_stock,C:\Users\CC KEMPTON\Downloads\FW___#Business_Promos___August_2026__&_Training_Date\August 2026 - EBU Trader Cheat Sheet.xlsx,Imported from MTN promo source 202605EBU1624; contracts only,2026-08-08T08:48:31+00:00,,true,false,,Made For Business S+ Monthly subscription: 755,business,"{""deal_id"":""202605EBU1624"",""source"":""C:\\Users\\CC KEMPTON\\Downloads\\FW___#Business_Promos___August_2026__&_Training_Date\\August 2026 - EBU Trader Cheat Sheet.xlsx"",""price_plan"":""Made For Business S+"",""freebies_device"":"""",""freebies_plan"":""""}"
mtn:202606ebu1468,mtn,MTN,#FFD100,202606EBU1468,Huawei nova 14 + Huawei nova 14,huawei-nova-14-huawei-nova-14,Huawei,smartphone,device_contract,685,,,36,,,,,2026-08-07T00:00:00+00:00,2026-09-06T00:00:00+00:00,in_stock,C:\Users\CC KEMPTON\Downloads\FW___#Business_Promos___August_2026__&_Training_Date\August 2026 - EBU Trader Cheat Sheet.xlsx,Imported from MTN promo source 202606EBU1468; contracts only,2026-08-08T08:48:31+00:00,,true,false,,Made For Business S+ Monthly subscription: 685,business,"{""deal_id"":""202606EBU1468"",""source"":""C:\\Users\\CC KEMPTON\\Downloads\\FW___#Business_Promos___August_2026__&_Training_Date\\August 2026 - EBU Trader Cheat Sheet.xlsx"",""price_plan"":""Made For Business S+"",""freebies_device"":"""",""freebies_plan"":""""}"
mtn:202605ebu2268,mtn,MTN,#FFD100,202605EBU2268,Huawei nova Y74 + Huawei nova Y74,huawei-nova-y74-huawei-nova-y74,Huawei,smartphone,device_contract,655,,,36,,,,,2026-08-07T00:00:00+00:00,2026-09-06T00:00:00+00:00,in_stock,C:\Users\CC KEMPTON\Downloads\FW___#Business_Promos___August_2026__&_Training_Date\August 2026 - EBU Trader Cheat Sheet.xlsx,Imported from MTN promo source 202605EBU2268; contracts only,2026-08-08T08:48:31+00:00,,true,false,,Made For Business S+ Monthly subscription: 655,business,"{""deal_id"":""202605EBU2268"",""source"":""C:\\Users\\CC KEMPTON\\Downloads\\FW___#Business_Promos___August_2026__&_Training_Date\\August 2026 - EBU Trader Cheat Sheet.xlsx"",""price_plan"":""Made For Business S+"",""freebies_device"":"""",""freebies_plan"":""""}"
mtn:2026ebu08917,mtn,MTN,#FFD100,2026EBU08917,OPPO A5 (256GB) + OPPO A5 (256GB),oppo-a5-256gb-oppo-a5-256gb,Oppo,smartphone,device_contract,605,,,36,,,,,2026-08-07T00:00:00+00:00,2026-09-06T00:00:00+00:00,in_stock,C:\Users\CC KEMPTON\Downloads\FW___#Business_Promos___August_2026__&_Training_Date\August 2026 - EBU Trader Cheat Sheet.xlsx,Imported from MTN promo source 2026EBU08917; contracts only,2026-08-08T08:48:31+00:00,,true,false,,Made For Business S+ Monthly subscription: 605,business,"{""deal_id"":""2026EBU08917"",""source"":""C:\\Users\\CC KEMPTON\\Downloads\\FW___#Business_Promos___August_2026__&_Training_Date\\August 2026 - EBU Trader Cheat Sheet.xlsx"",""price_plan"":""Made For Business S+"",""freebies_device"":"""",""freebies_plan"":""""}"
mtn:202603ebu1270,mtn,MTN,#FFD100,202603EBU1270,vivo v70,vivo-v70,vivo,smartphone,device_contract,889,,,36,,,,,2026-08-07T00:00:00+00:00,2026-09-06T00:00:00+00:00,in_stock,C:\Users\CC KEMPTON\Downloads\FW___#Business_Promos___August_2026__&_Training_Date\August 2026 - EBU Trader Cheat Sheet.xlsx,Imported from MTN promo source 202603EBU1270; contracts only,2026-08-08T08:48:31+00:00,,true,false,,Made For Business SM Monthly subscription: 889,business,"{""deal_id"":""202603EBU1270"",""source"":""C:\\Users\\CC KEMPTON\\Downloads\\FW___#Business_Promos___August_2026__&_Training_Date\\August 2026 - EBU Trader Cheat Sheet.xlsx"",""price_plan"":""Made For Business SM"",""freebies_device"":"""",""freebies_plan"":""""}"
mtn:202603ebu1224,mtn,MTN,#FFD100,202603EBU1224,vivo V70 FE,vivo-v70-fe,vivo,smartphone,device_contract,625,,,36,,,,,2026-08-07T00:00:00+00:00,2026-09-06T00:00:00+00:00,in_stock,C:\Users\CC KEMPTON\Downloads\FW___#Business_Promos___August_2026__&_Training_Date\August 2026 - EBU Trader Cheat Sheet.xlsx,Imported from MTN promo source 202603EBU1224; contracts only,2026-08-08T08:48:31+00:00,,true,false,,Made For Business S+ Monthly subscription: 625,business,"{""deal_id"":""202603EBU1224"",""source"":""C:\\Users\\CC KEMPTON\\Downloads\\FW___#Business_Promos___August_2026__&_Training_Date\\August 2026 - EBU Trader Cheat Sheet.xlsx"",""price_plan"":""Made For Business S+"",""freebies_device"":"""",""freebies_plan"":""""}"
mtn:202603ebu2059,mtn,MTN,#FFD100,202603EBU2059,Samsung Galaxy S26 Ultra (256GB),samsung-galaxy-s26-ultra-256gb,Samsung,smartphone,device_contract,1249,,,36,,,,,2026-08-07T00:00:00+00:00,2026-09-06T00:00:00+00:00,in_stock,C:\Users\CC KEMPTON\Downloads\FW___#Business_Promos___August_2026__&_Training_Date\August 2026 - EBU Trader Cheat Sheet.xlsx,Imported from MTN promo source 202603EBU2059; contracts only,2026-08-08T08:48:31+00:00,,true,false,,Made For Business M Monthly subscription: 1249,business,"{""deal_id"":""202603EBU2059"",""source"":""C:\\Users\\CC KEMPTON\\Downloads\\FW___#Business_Promos___August_2026__&_Training_Date\\August 2026 - EBU Trader Cheat Sheet.xlsx"",""price_plan"":""Made For Business M"",""freebies_device"":"""",""freebies_plan"":""""}"
mtn:202603ebu1927,mtn,MTN,#FFD100,202603EBU1927,Samsung Galaxy S26 (256GB),samsung-galaxy-s26-256gb,Samsung,smartphone,device_contract,939,,,36,,,,,2026-08-07T00:00:00+00:00,2026-09-06T00:00:00+00:00,in_stock,C:\Users\CC KEMPTON\Downloads\FW___#Business_Promos___August_2026__&_Training_Date\August 2026 - EBU Trader Cheat Sheet.xlsx,Imported from MTN promo source 202603EBU1927; contracts only,2026-08-08T08:48:31+00:00,,true,false,,Made For Business M Monthly subscription: 939,business,"{""deal_id"":""202603EBU1927"",""source"":""C:\\Users\\CC KEMPTON\\Downloads\\FW___#Business_Promos___August_2026__&_Training_Date\\August 2026 - EBU Trader Cheat Sheet.xlsx"",""price_plan"":""Made For Business M"",""freebies_device"":"""",""freebies_plan"":""""}"
mtn:2026ebu15964,mtn,MTN,#FFD100,2026EBU15964,35Mbps Uncapped Data,35mbps-uncapped-data,35Mbps,smartphone,device_contract,489,,,24,,,,,2026-08-07T00:00:00+00:00,2026-09-06T00:00:00+00:00,in_stock,C:\Users\CC KEMPTON\Downloads\FW___#Business_Promos___August_2026__&_Training_Date\August 2026 - EBU Trader Cheat Sheet.xlsx,Imported from MTN promo source 2026EBU15964; contracts only,2026-08-08T08:48:31+00:00,,true,false,,MTN Uncapped 5G FWA Monthly subscription: 489,business,"{""deal_id"":""2026EBU15964"",""source"":""C:\\Users\\CC KEMPTON\\Downloads\\FW___#Business_Promos___August_2026__&_Training_Date\\August 2026 - EBU Trader Cheat Sheet.xlsx"",""price_plan"":""MTN Uncapped 5G FWA"",""freebies_device"":"""",""freebies_plan"":""""}"
mtn:202606ebu2503,mtn,MTN,#FFD100,202606EBU2503,60Mbps Uncapped Data,60mbps-uncapped-data,60Mbps,smartphone,device_contract,699,,,24,,,,,2026-08-07T00:00:00+00:00,2026-09-06T00:00:00+00:00,in_stock,C:\Users\CC KEMPTON\Downloads\FW___#Business_Promos___August_2026__&_Training_Date\August 2026 - EBU Trader Cheat Sheet.xlsx,Imported from MTN promo source 202606EBU2503; contracts only,2026-08-08T08:48:31+00:00,,true,false,,MTN Uncapped 5G FWA Monthly subscription: 699,business,"{""deal_id"":""202606EBU2503"",""source"":""C:\\Users\\CC KEMPTON\\Downloads\\FW___#Business_Promos___August_2026__&_Training_Date\\August 2026 - EBU Trader Cheat Sheet.xlsx"",""price_plan"":""MTN Uncapped 5G FWA"",""freebies_device"":"""",""freebies_plan"":""""}"
mtn:2026ebu15967,mtn,MTN,#FFD100,2026EBU15967,Unlimited Uncapped Data,unlimited-uncapped-data,Unlimited,smartphone,device_contract,1029,,,24,,,,,2026-08-07T00:00:00+00:00,2026-09-06T00:00:00+00:00,in_stock,C:\Users\CC KEMPTON\Downloads\FW___#Business_Promos___August_2026__&_Training_Date\August 2026 - EBU Trader Cheat Sheet.xlsx,Imported from MTN promo source 2026EBU15967; contracts only,2026-08-08T08:48:31+00:00,,true,false,,MTN Uncapped 5G FWA Monthly subscription: 1029,business,"{""deal_id"":""2026EBU15967"",""source"":""C:\\Users\\CC KEMPTON\\Downloads\\FW___#Business_Promos___August_2026__&_Training_Date\\August 2026 - EBU Trader Cheat Sheet.xlsx"",""price_plan"":""MTN Uncapped 5G FWA"",""freebies_device"":"""",""freebies_plan"":""""}"
mtn:202602ebu2601,mtn,MTN,#FFD100,202602EBU2601,100mbps Uncapped Data,100mbps-uncapped-data,100mbps,smartphone,device_contract,699,,,24,,,,,2026-08-07T00:00:00+00:00,2026-09-06T00:00:00+00:00,in_stock,C:\Users\CC KEMPTON\Downloads\FW___#Business_Promos___August_2026__&_Training_Date\August 2026 - EBU Trader Cheat Sheet.xlsx,Imported from MTN promo source 202602EBU2601; contracts only,2026-08-08T08:48:31+00:00,,true,false,,Business Uncapped Wireless Monthly subscription: 699,business,"{""deal_id"":""202602EBU2601"",""source"":""C:\\Users\\CC KEMPTON\\Downloads\\FW___#Business_Promos___August_2026__&_Training_Date\\August 2026 - EBU Trader Cheat Sheet.xlsx"",""price_plan"":""Business Uncapped Wireless"",""freebies_device"":"""",""freebies_plan"":""""}"
mtn:202602ebu2600,mtn,MTN,#FFD100,202602EBU2600,50mbps Uncapped Data,50mbps-uncapped-data,50mbps,smartphone,device_contract,499,,,24,,,,,2026-08-07T00:00:00+00:00,2026-09-06T00:00:00+00:00,in_stock,C:\Users\CC KEMPTON\Downloads\FW___#Business_Promos___August_2026__&_Training_Date\August 2026 - EBU Trader Cheat Sheet.xlsx,Imported from MTN promo source 202602EBU2600; contracts only,2026-08-08T08:48:31+00:00,,true,false,,Business Uncapped Wireless Monthly subscription: 499,business,"{""deal_id"":""202602EBU2600"",""source"":""C:\\Users\\CC KEMPTON\\Downloads\\FW___#Business_Promos___August_2026__&_Training_Date\\August 2026 - EBU Trader Cheat Sheet.xlsx"",""price_plan"":""Business Uncapped Wireless"",""freebies_device"":"""",""freebies_plan"":""""}"
mtn:202607ebu1505,mtn,MTN,#FFD100,202607EBU1505,Sim only,sim-only,Sim,sim_only,sim_only,849,,,36,,,,,2026-08-07T00:00:00+00:00,2026-09-06T00:00:00+00:00,in_stock,C:\Users\CC KEMPTON\Downloads\FW___#Business_Promos___August_2026__&_Training_Date\August 2026 - EBU Trader Cheat Sheet.xlsx,Imported from MTN promo source 202607EBU1505; contracts only,2026-08-08T08:48:31+00:00,,true,false,,Made For Executive Monthly subscription: 849,business,"{""deal_id"":""202607EBU1505"",""source"":""C:\\Users\\CC KEMPTON\\Downloads\\FW___#Business_Promos___August_2026__&_Training_Date\\August 2026 - EBU Trader Cheat Sheet.xlsx"",""price_plan"":""Made For Executive"",""freebies_device"":"""",""freebies_plan"":""""}"
